{"lsize":{"0":[256,256,128,32,8],"1":[256,128,64,32,8],"2":[256,128,128,16,16],"3":[128,128,64,16,16],"4":[256,128,128,32,16],"5":[256,128,64,32,16],"6":[128,128,128,32,16],"7":[256,256,128,32,16],"8":[128,256,64,16,16],"9":[256,256,64,32,8],"10":[256,128,64,32,16],"11":[128,128,64,16,8],"12":[128,128,128,16,16],"13":[256,128,128,32,16],"14":[128,256,64,32,16],"15":[256,256,128,16,16],"16":[256,256,128,32,8],"17":[256,128,64,32,8],"18":[128,256,64,16,16],"19":[256,128,64,16,16],"20":[128,256,128,16,16],"21":[128,256,128,32,16],"22":[256,256,128,32,8],"23":[128,256,128,32,8],"24":[256,128,64,16,8],"25":[256,128,128,16,16],"26":[256,256,128,16,16],"27":[128,128,64,16,8],"28":[256,128,128,32,16],"29":[128,256,128,16,16],"30":[128,256,128,32,8],"31":[128,256,128,16,16]},"l2_reg":{"0":0.00001,"1":0.00001,"2":0.00001,"3":0.00001,"4":0.00001,"5":0.00001,"6":0.00001,"7":0.00001,"8":0.00001,"9":0.00001,"10":0.00001,"11":0.00001,"12":0.00001,"13":0.00001,"14":0.00001,"15":0.00001,"16":0.00001,"17":0.00001,"18":0.00001,"19":0.00001,"20":0.00001,"21":0.00001,"22":0.00001,"23":0.00001,"24":0.00001,"25":0.00001,"26":0.00001,"27":0.00001,"28":0.00001,"29":0.00001,"30":0.00001,"31":0.00001},"drop_val":{"0":0.2,"1":0.2,"2":0.2,"3":0.2,"4":0.2,"5":0.2,"6":0.2,"7":0.2,"8":0.2,"9":0.2,"10":0.2,"11":0.2,"12":0.2,"13":0.2,"14":0.2,"15":0.2,"16":0.2,"17":0.2,"18":0.2,"19":0.2,"20":0.2,"21":0.2,"22":0.2,"23":0.2,"24":0.2,"25":0.2,"26":0.2,"27":0.2,"28":0.2,"29":0.2,"30":0.2,"31":0.2},"scores":{"0":[0.0850572288,0.0892799571,0.0787229016,0.0942944139,0.0824886039],"1":[0.0728271678,0.08571437,0.068727307,0.0926007256,0.0831856504],"2":[0.0983182564,0.0844293311,0.0754910782,0.0929517597,0.0842606947],"3":[0.0973432735,0.0899209455,0.0728290826,0.0931954831,0.0837573409],"4":[0.0756876841,0.0950428918,0.0740743652,0.0906346664,0.0922276452],"5":[0.0793132335,0.0956147239,0.0804873332,0.0937962011,0.0808895007],"6":[0.0810234472,0.086684078,0.0739067793,0.0898805112,0.0848124251],"7":[0.0806353465,0.1020196974,0.0813485086,0.0885985419,0.0857713521],"8":[0.076250881,0.0967029855,0.082661368,0.0911918059,0.0820125863],"9":[0.0717190877,0.0865868852,0.0817436501,0.0889061466,0.083843492],"10":[0.0883887783,0.0914686099,0.0679489225,0.0882389992,0.0908316299],"11":[0.0884157345,0.0886144266,0.0738157704,0.0871505961,0.0785770938],"12":[0.0776415244,0.0924804062,0.0706931055,0.0947958827,0.07422328],"13":[0.0850691497,0.0961378217,0.077910237,0.0935498551,0.0803390816],"14":[0.0753702447,0.0873133391,0.0733647719,0.0895981193,0.0840805992],"15":[0.0834645182,0.0978220403,0.0709966719,0.09463761,0.0805630311],"16":[0.0822171718,0.1100361049,0.0786476508,0.1002663225,0.0801104531],"17":[0.0850282535,0.0891478956,0.0746034309,0.086820893,0.0855007395],"18":[0.0803887695,0.1031972766,0.0742950961,0.0990827158,0.0814968571],"19":[0.0842127353,0.0999272168,0.0700603202,0.096563831,0.0816072598],"20":[0.0723414719,0.0944324285,0.0724367723,0.0937535688,0.0868947282],"21":[0.0722544044,0.0903121307,0.0810730234,0.0849288478,0.0716770813],"22":[0.0910694376,0.1019565165,0.0765485764,0.0985154286,0.079138115],"23":[0.0815302953,0.0897295699,0.0740137994,0.0910581797,0.0736036152],"24":[0.0808231533,0.0896683484,0.0709155202,0.0997102559,0.08385396],"25":[0.0718073845,0.0933190733,0.070522517,0.09380126,0.084944196],"26":[0.0797780454,0.1039241925,0.0719819143,0.1073391959,0.0888973624],"27":[0.0883912966,0.0843113884,0.0701674148,0.0907596648,0.0865960121],"28":[0.0775879771,0.0876803324,0.0680119395,0.0851051509,0.0809146613],"29":[0.0845347792,0.086703591,0.0774208903,0.093593806,0.0762039497],"30":[0.0836119503,0.0847405866,0.074721992,0.0993479565,0.0773050115],"31":[0.081764318,0.0954325646,0.0743950531,0.0964260846,0.0871354789]},"mean_mse":{"0":0.0859686211,"1":0.0806110442,"2":0.087090224,"3":0.0874092251,"4":0.0855334505,"5":0.0860201985,"6":0.0832614481,"7":0.0876746893,"8":0.0857639253,"9":0.0825598523,"10":0.085375388,"11":0.0833147243,"12":0.0819668397,"13":0.086601229,"14":0.0819454148,"15":0.0854967743,"16":0.0902555406,"17":0.0842202425,"18":0.087692143,"19":0.0864742726,"20":0.0839717939,"21":0.0800490975,"22":0.0894456148,"23":0.0819870919,"24":0.0849942476,"25":0.0828788862,"26":0.0903841421,"27":0.0840451553,"28":0.0798600122,"29":0.0836914033,"30":0.0839454994,"31":0.0870306998}}