{"lsize":{"0":[2048,64,16],"1":[128,128,32],"2":[1024,128,64],"3":[1024,16,16],"4":[1024,64,16],"5":[1024,64,64],"6":[2048,128,64],"7":[1024,16,32],"8":[512,32,64],"9":[128,32,128],"10":[256,512,64,512],"11":[2048,2048,512,16],"12":[128,512,64,128],"13":[1024,128,512,32],"14":[1024,128,256,512],"15":[1024,1024,512,8],"16":[2048,512,128,16],"17":[512,128,128,128],"18":[512,2048,256,8],"19":[2048,128,128,32],"20":[1024,256,32,32,16],"21":[256,256,32,16,64],"22":[256,1024,256,32,64],"23":[128,128,512,64,8],"24":[1024,128,64,64,8],"25":[256,1024,32,32,64],"26":[512,256,128,64,64],"27":[128,128,512,16,32],"28":[512,1024,256,32,64],"29":[1024,128,512,16,8],"30":[128,256,32,16,32],"31":[256,256,32,16,32],"32":[128,512,32,16,8],"33":[512,512,64,64,32],"34":[256,128,32,32,16],"35":[128,512,128,16,32],"36":[512,256,128,16,16],"37":[128,256,32,32,8],"38":[128,512,32,32,8],"39":[128,256,32,16,16],"40":[128,256,64,32,16,4],"41":[128,256,128,32,16,4],"42":[256,128,128,32,16,4],"43":[256,128,128,32,16,4],"44":[512,128,128,32,16,8],"45":[256,256,64,32,16,4],"46":[128,128,64,32,16,4],"47":[512,128,64,32,16,8],"48":[256,256,64,32,16,4],"49":[256,256,128,32,16,4],"50":[256,128,128,32,16,8],"51":[512,256,64,32,16,8],"52":[512,128,64,32,16,8],"53":[128,256,128,32,16,4],"54":[256,128,128,32,16,8],"55":[512,128,128,32,16,4],"56":[256,128,64,32,16,4],"57":[128,256,128,32,16,8],"58":[128,256,128,32,16,8],"59":[512,256,64,32,16,4],"60":[128,128,64,32,16,8],"61":[256,128,64,32,16,8],"62":[512,256,128,32,16,8],"63":[512,128,128,32,16,8]},"l2_reg":{"0":0.0001,"1":0.0001,"2":0.0001,"3":0.00001,"4":0.0001,"5":0.0001,"6":0.00001,"7":0.00001,"8":0.0001,"9":0.00001,"10":0.0001,"11":0.0001,"12":0.001,"13":0.00001,"14":0.0001,"15":0.00001,"16":0.001,"17":0.0001,"18":0.001,"19":0.001,"20":0.00001,"21":0.0001,"22":0.00001,"23":0.0001,"24":0.0001,"25":0.00001,"26":0.0001,"27":0.00001,"28":0.00001,"29":0.00001,"30":0.00001,"31":0.00001,"32":0.00001,"33":0.00001,"34":0.00001,"35":0.00001,"36":0.00001,"37":0.00001,"38":0.00001,"39":0.00001,"40":0.00001,"41":0.00001,"42":0.00001,"43":0.00001,"44":0.00001,"45":0.00001,"46":0.00001,"47":0.00001,"48":0.00001,"49":0.00001,"50":0.00001,"51":0.00001,"52":0.00001,"53":0.00001,"54":0.00001,"55":0.00001,"56":0.00001,"57":0.00001,"58":0.00001,"59":0.00001,"60":0.00001,"61":0.00001,"62":0.00001,"63":0.00001},"drop_val":{"0":0.2,"1":0.2,"2":0.2,"3":0.2,"4":0.2,"5":0.2,"6":0.2,"7":0.2,"8":0.2,"9":0.2,"10":0.2,"11":0.3,"12":0.2,"13":0.3,"14":0.3,"15":0.2,"16":0.3,"17":0.3,"18":0.2,"19":0.3,"20":0.2,"21":0.2,"22":0.2,"23":0.2,"24":0.2,"25":0.2,"26":0.2,"27":0.2,"28":0.2,"29":0.2,"30":0.2,"31":0.2,"32":0.2,"33":0.2,"34":0.2,"35":0.2,"36":0.2,"37":0.2,"38":0.2,"39":0.2,"40":0.2,"41":0.2,"42":0.2,"43":0.2,"44":0.2,"45":0.2,"46":0.2,"47":0.2,"48":0.2,"49":0.2,"50":0.2,"51":0.2,"52":0.2,"53":0.2,"54":0.2,"55":0.2,"56":0.2,"57":0.2,"58":0.2,"59":0.2,"60":0.2,"61":0.2,"62":0.2,"63":0.2},"scores":{"0":[0.9418344498,0.947761178,0.9682539701,0.9566209912,0.9731707573],"1":[0.9485458732,0.9378109574,0.9550264478,0.9680365324,0.9707317352],"2":[0.9485458732,0.9502487779,0.9735449553,0.9611872435,0.9707317352],"3":[0.9306487441,0.947761178,0.9735449553,0.9657534361,0.9731707573],"4":[0.9328858852,0.9353233576,0.9735449553,0.9680365324,0.9756097794],"5":[0.9373601675,0.9402984977,0.978836,0.9611872435,0.9682926536],"6":[0.9440715909,0.9378109574,0.962962985,0.9680365324,0.9780488014],"7":[0.9306487441,0.9452736378,0.9682539701,0.9703196287,0.9780488014],"8":[0.9485458732,0.9378109574,0.9708994627,0.9634703398,0.9707317352],"9":[0.9373601675,0.9527363181,0.978836,0.9634703398,0.9853658676],"10":[0.9395973086,0.9552238584,0.978836,0.9589040875,0.9829268456],"11":[0.9373601675,0.9502487779,0.9656084776,0.9657534361,0.9682926536],"12":[0.9418344498,0.9328358173,0.962962985,0.947488606,0.9658536315],"13":[0.9485458732,0.9427860975,0.9841269851,0.9589040875,0.9878048897],"14":[0.946308732,0.9552238584,0.9576719403,0.9634703398,0.9780488014],"15":[0.9418344498,0.9502487779,0.978836,0.9703196287,0.9804878235],"16":[0.9507830143,0.9552238584,0.9603174329,0.9406392574,0.9609755874],"17":[0.946308732,0.9577114582,0.978836,0.9520547986,0.9634146094],"18":[0.9507830143,0.9502487779,0.9761904478,0.9429223537,0.9707317352],"19":[0.9440715909,0.9527363181,0.9656084776,0.9520547986,0.9634146094],"20":[0.9395973086,0.9502487779,0.9814814925,0.9703196287,0.9756097794],"21":[0.9284116626,0.947761178,0.9735449553,0.9703196287,0.9756097794],"22":[0.9552572966,0.9577114582,0.978836,0.9680365324,0.9780488014],"23":[0.9418344498,0.947761178,0.9603174329,0.9680365324,0.9707317352],"24":[0.9440715909,0.9378109574,0.9735449553,0.9680365324,0.9609755874],"25":[0.9306487441,0.9527363181,0.9814814925,0.9748858213,0.9804878235],"26":[0.9261745214,0.9577114582,0.978836,0.9657534361,0.9780488014],"27":[0.9395973086,0.9552238584,0.9841269851,0.9794520736,0.9853658676],"28":[0.9395973086,0.9427860975,0.9761904478,0.9703196287,0.9829268456],"29":[0.9284116626,0.947761178,0.9814814925,0.9794520736,0.9731707573],"30":[0.9373601675,0.947761178,0.9814814925,0.9703196287,0.9878048897],"31":[0.9440715909,0.9552238584,0.9841269851,0.972602725,0.9780488014],"32":[0.9373601675,0.9402984977,0.9576719403,0.9680365324,0.9731707573],"33":[0.9395973086,0.9402984977,0.9761904478,0.9657534361,0.9780488014],"34":[0.946308732,0.9527363181,0.9735449553,0.9680365324,0.9780488014],"35":[0.9418344498,0.9353233576,0.9761904478,0.972602725,0.9756097794],"36":[0.9440715909,0.9502487779,0.9735449553,0.9611872435,0.9804878235],"37":[0.946308732,0.9527363181,0.9814814925,0.9771689773,0.9829268456],"38":[0.9440715909,0.9353233576,0.9761904478,0.9657534361,0.9780488014],"39":[0.9284116626,0.9577114582,0.9708994627,0.9703196287,0.9756097794],"40":[0.9485458732,0.9402984977,0.9708994627,0.9703196287,0.9829268456],"41":[0.9485458732,0.9552238584,0.9841269851,0.9794520736,0.9731707573],"42":[0.9395973086,0.9328358173,0.9735449553,0.9657534361,0.9731707573],"43":[0.9485458732,0.9452736378,0.978836,0.9680365324,0.9829268456],"44":[0.9328858852,0.947761178,0.978836,0.9680365324,0.9780488014],"45":[0.9284116626,0.947761178,0.9841269851,0.9634703398,0.9756097794],"46":[0.9440715909,0.9427860975,0.9761904478,0.9657534361,0.9756097794],"47":[0.9440715909,0.9427860975,0.9735449553,0.9657534361,0.9756097794],"48":[0.9328858852,0.9527363181,0.9761904478,0.9634703398,0.9780488014],"49":[0.9440715909,0.9402984977,0.978836,0.972602725,0.9756097794],"50":[0.9418344498,0.9502487779,0.9814814925,0.9748858213,0.9829268456],"51":[0.9440715909,0.9427860975,0.9682539701,0.9680365324,0.9682926536],"52":[0.9507830143,0.9502487779,0.9761904478,0.9680365324,0.9682926536],"53":[0.946308732,0.9402984977,0.9814814925,0.9771689773,0.9707317352],"54":[0.9373601675,0.9552238584,0.9735449553,0.9657534361,0.9878048897],"55":[0.946308732,0.947761178,0.9735449553,0.9703196287,0.9804878235],"56":[0.9485458732,0.9502487779,0.9735449553,0.9657534361,0.9780488014],"57":[0.9351230264,0.9676616788,0.9814814925,0.9748858213,0.9804878235],"58":[0.9306487441,0.9452736378,0.9603174329,0.972602725,0.9853658676],"59":[0.9507830143,0.947761178,0.9735449553,0.9657534361,0.9707317352],"60":[0.9440715909,0.947761178,0.9841269851,0.9611872435,0.9804878235],"61":[0.9485458732,0.9452736378,0.978836,0.9680365324,0.9829268456],"62":[0.9485458732,0.9502487779,0.9708994627,0.9589040875,0.9780488014],"63":[0.9418344498,0.9577114582,0.9708994627,0.9680365324,0.9756097794]},"score_mean":{"0":0.9575282693,"1":0.9560303092,"2":0.960851717,"3":0.9581758142,"4":0.957080102,"5":0.9571949124,"6":0.9581861734,"7":0.9585089564,"8":0.9582916737,"9":0.9635537386,"10":0.96309762,"11":0.9574527025,"12":0.9501950979,"13":0.9644335866,"14":0.9601447344,"15":0.964345336,"16":0.9535878301,"17":0.9596651196,"18":0.9581752658,"19":0.9555771589,"20":0.9634513974,"21":0.9591294408,"22":0.9675780177,"23":0.9577362657,"24":0.9568879247,"25":0.9640480399,"26":0.9613048434,"27":0.9687532187,"28":0.9623640656,